id,start,end,length,bkps
0,0,383.8,383.8,21
1,383.8,703.5,319.7,93
2,703.5,1140.2,436.70000000000005,146
3,1140.2,1724.4,584.2,203
4,1724.4,2348.8,624.4000000000001,257
5,2348.8,2615.5,266.6999999999998,284
6,2615.5,2983.8,368.3000000000002,309
7,2983.8,3299.3,315.5,343
8,3299.3,3679.1,379.7999999999997,394
9,3679.1,4113.2,434.0999999999999,423
10,4113.2,4383.5,270.3000000000002,464
