id,start,end,length,bkps
0,0,575.4,575.4,109
1,575.4,1251.5,676.1,162
2,1251.5,1571.5,320.0,192
3,1571.5,1892.4,320.9000000000001,227
4,1892.4,2293.5,401.0999999999999,393
5,2293.5,2653.2,359.6999999999998,437
6,2653.2,3123.6,470.4000000000001,501
7,3123.6,3470.9,347.3000000000002,543
8,3470.9,4034.8,563.9000000000001,614
9,4034.8,4484.0,449.1999999999998,641
10,4484.0,4819.2,335.1999999999998,698
