id,start,end,length,bkps
0,0,429.1,429.1,77
1,429.1,771.0,341.9,134
2,771.0,1129.8,358.79999999999995,195
3,1129.8,1477.3,347.5,295
4,1477.3,2114.5,637.2,370
5,2114.5,2625.2,510.6999999999998,509
6,2625.2,3304.3,679.1000000000004,656
7,3304.3,3583.3,279.0,724
8,3583.3,3982.8,399.5,809
9,3982.8,4345.5,362.6999999999998,878
10,4345.5,4735.9,390.39999999999964,948
