id,start,end,length,bkps
0,0,584.5,584.5,142
1,584.5,961.7,377.20000000000005,269
2,961.7,1293.2,331.5,357
3,1293.2,1578.4,285.20000000000005,438
4,1578.4,1984.9,406.5,541
5,1984.9,2633.5,648.5999999999999,651
6,2633.5,3022.3,388.8000000000002,705
7,3022.3,3378.8,356.5,790
8,3378.8,3713.4,334.5999999999999,882
9,3713.4,4089.8,376.4000000000001,958
10,4089.8,4815.7,725.8999999999996,1132
