id,start,end,length,bkps
0,0,563.7,563.7,75
1,563.7,1133.8,570.0999999999999,138
2,1133.8,1503.0,369.20000000000005,187
3,1503.0,1788.6,285.5999999999999,236
4,1788.6,2362.7,574.0999999999999,284
5,2362.7,2685.2,322.5,328
6,2685.2,3000.3,315.10000000000036,376
7,3000.3,3332.9,332.5999999999999,436
8,3332.9,3634.7,301.7999999999997,481
9,3634.7,4230.7,596.0,552
10,4230.7,4543.8,313.10000000000036,602
