id,start,end,length,bkps
0,0,323.4,323.4,42
1,323.4,576.8,253.39999999999998,157
2,576.8,969.1,392.30000000000007,211
3,969.1,1195.4,226.30000000000007,250
4,1195.4,1565.4,370.0,361
5,1565.4,1865.3,299.89999999999986,402
6,1865.3,2054.9,189.60000000000014,440
7,2054.9,2543.1,488.1999999999998,473
8,2543.1,3157.9,614.8000000000002,538
9,3157.9,3827.7,669.7999999999997,627
10,3827.7,4070.2,242.5,644
