id,start,end,length,bkps
0,0,680.1,680.1,90
1,680.1,1048.5,368.4,171
2,1048.5,1401.3,352.79999999999995,222
3,1401.3,1510.3,109.0,272
4,1510.3,1998.5,488.20000000000005,311
5,1998.5,2553.6,555.0999999999999,454
6,2553.6,3096.6,543.0,516
7,3096.6,3278.0,181.4000000000001,585
8,3278.0,3696.0,418.0,607
9,3696.0,4100.9,404.89999999999964,653
10,4100.9,4480.7,379.8000000000002,697
