id,start,end,length,bkps
0,0,648.1,648.1,106
1,648.1,1258.2,610.1,183
2,1258.2,1934.8,676.5999999999999,309
3,1934.8,2244.2,309.39999999999986,356
4,2244.2,2581.3,337.10000000000036,399
5,2581.3,3053.4,472.0999999999999,487
6,3053.4,3442.8,389.4000000000001,598
7,3442.8,3777.0,334.1999999999998,634
8,3777.0,4083.2,306.1999999999998,723
9,4083.2,4808.7,725.5,813
10,4808.7,5156.9,348.1999999999998,877
