id,start,end,length,bkps
0,0,566.0,566.0,123
1,566.0,1151.7,585.7,241
2,1151.7,1409.1,257.39999999999986,309
3,1409.1,1806.9,397.8000000000002,371
4,1806.9,2088.4,281.5,411
5,2088.4,2504.0,415.5999999999999,468
6,2504.0,2917.5,413.5,563
7,2917.5,3292.6,375.0999999999999,624
8,3292.6,3701.4,408.8000000000002,714
9,3701.4,4116.8,415.4000000000001,837
10,4116.8,4917.0,800.1999999999998,915
