id,start,end,length,bkps
0,0,336.9,336.9,61
1,336.9,626.2,289.30000000000007,141
2,626.2,876.0,249.79999999999995,189
3,876.0,1112.2,236.20000000000005,236
4,1112.2,1333.0,220.79999999999995,294
5,1333.0,1650.0,317.0,333
6,1650.0,1942.5,292.5,392
7,1942.5,2282.1,339.5999999999999,459
8,2282.1,2676.3,394.2000000000003,491
9,2676.3,4135.2,1458.8999999999996,607
10,4135.2,4538.7,403.5,635
