id,start,end,length,bkps
0,0,680.2,680.2,94
1,680.2,1001.0,320.79999999999995,131
2,1001.0,1321.0,320.0,175
3,1321.0,2029.9,708.9000000000001,264
4,2029.9,2336.7,306.7999999999997,286
5,2336.7,2726.0,389.3000000000002,327
6,2726.0,3129.2,403.1999999999998,369
7,3129.2,3457.6,328.4000000000001,419
8,3457.6,4078.9,621.3000000000002,488
9,4078.9,4413.4,334.49999999999955,533
10,4413.4,4752.2,338.8000000000002,609
