id,start,end,length,bkps
0,0,570.4,570.4,26
1,570.4,1128.4,558.0000000000001,138
2,1128.4,1404.8,276.39999999999986,188
3,1404.8,1840.3,435.5,283
4,1840.3,2461.5,621.2,328
5,2461.5,2886.7,425.1999999999998,432
6,2886.7,3481.7,595.0,519
7,3481.7,3751.2,269.5,558
8,3751.2,4144.3,393.10000000000036,598
9,4144.3,4375.9,231.59999999999945,631
10,4375.9,4844.7,468.8000000000002,689
