id,start,end,length,bkps
0,0,590.9,590.9,69
1,590.9,1001.3,410.4,143
2,1001.3,1491.4,490.10000000000014,177
3,1491.4,1857.2,365.79999999999995,221
4,1857.2,2267.3,410.10000000000014,279
5,2267.3,2615.9,348.5999999999999,337
6,2615.9,2967.1,351.1999999999998,389
7,2967.1,3474.7,507.5999999999999,407
8,3474.7,4149.0,674.3000000000002,448
9,4149.0,4498.7,349.6999999999998,501
10,4498.7,4808.3,309.60000000000036,541
